{
    "addPict": [],
    "author": {},
    "autoAdd": true,
    "autoJoin": true,
    "autoJoinTicket": true,
    "autoLeave": false,
    "autoPurge": [],
    "autoRead": true,
    "blacklist": {},
    "changeGroupPicture": [],
    "changeGroupPicturePub": [],
    "changePicqr1": false,
    "changePicqr2": false,
    "changePicqr3": false,
    "changePicqr4": false,
    "changePicqr5": false,
    "changePicture": false,
    "changePicture1": false,
    "changePicture2": false,
    "changePicture3": false,
    "changePicture4": false,
    "changePicture5": false,
    "checkContact": false,
    "clock": [],
    "dblacklist": false,
    "dwhitelist": false,
    "icon_lock": {},
    "keyCommand": "",
    "kick": false,
    "kickqr": false,
    "linkqrp": [],
    "mimic": {
        "copy": false,
        "status": true,
        "target": {}
    },
    "pcancel": [],
    "pinvite": [],
    "pkick": [],
    "pname": [],
    "pro_name": {},
    "respCall": false,
    "respMENTION": false,
    "respMENTIONpm": false,
    "responcall": true,
    "responcallgc": true,
    "responpm": false,
    "restartBot": null,
    "restartPoint": "c45040756c8074bff5a06c2e7c0b6a844",
    "server": "VPS",
    "simsimi": [],
    "siriMode": [],
    "timeRestart": "18000",
    "userAgent": [
        "Mozilla/5.0 (X11; U; Linux i586; de; rv:5.0) Gecko/20100101 Firefox/5.0",
        "Mozilla/5.0 (X11; U; Linux amd64; rv:5.0) Gecko/20100101 Firefox/5.0 (Debian)",
        "Mozilla/5.0 (X11; U; Linux amd64; en-US; rv:5.0) Gecko/20110619 Firefox/5.0",
        "Mozilla/5.0 (X11; Linux) Gecko Firefox/5.0",
        "Mozilla/5.0 (X11; Linux x86_64; rv:5.0) Gecko/20100101 Firefox/5.0 FirePHP/0.5",
        "Mozilla/5.0 (X11; Linux x86_64; rv:5.0) Gecko/20100101 Firefox/5.0 Firefox/5.0",
        "Mozilla/5.0 (X11; Linux x86_64) Gecko Firefox/5.0",
        "Mozilla/5.0 (X11; Linux ppc; rv:5.0) Gecko/20100101 Firefox/5.0",
        "Mozilla/5.0 (X11; Linux AMD64) Gecko Firefox/5.0",
        "Mozilla/5.0 (X11; FreeBSD amd64; rv:5.0) Gecko/20100101 Firefox/5.0",
        "Mozilla/5.0 (Windows NT 6.2; WOW64; rv:5.0) Gecko/20100101 Firefox/5.0",
        "Mozilla/5.0 (Windows NT 6.1; Win64; x64; rv:5.0) Gecko/20110619 Firefox/5.0",
        "Mozilla/5.0 (Windows NT 6.1; Win64; x64; rv:5.0) Gecko/20100101 Firefox/5.0",
        "Mozilla/5.0 (Windows NT 6.1; rv:6.0) Gecko/20100101 Firefox/5.0",
        "Mozilla/5.0 (Windows NT 6.1.1; rv:5.0) Gecko/20100101 Firefox/5.0",
        "Mozilla/5.0 (Windows NT 5.2; WOW64; rv:5.0) Gecko/20100101 Firefox/5.0",
        "Mozilla/5.0 (Windows NT 5.1; U; rv:5.0) Gecko/20100101 Firefox/5.0",
        "Mozilla/5.0 (Windows NT 5.1; rv:2.0.1) Gecko/20100101 Firefox/5.0",
        "Mozilla/5.0 (Windows NT 5.0; WOW64; rv:5.0) Gecko/20100101 Firefox/5.0",
        "Mozilla/5.0 (Windows NT 5.0; rv:5.0) Gecko/20100101 Firefox/5.0"
    ],
    "wblacklist": {},
    "whitelist": {},
    "winvite": false,
    "wlc": [
        "c45040756c8074bff5a06c2e7c0b6a844"
    ],
    "wwhitelist": false
}